uuid,Members,Answers,Fully specified name:fr,Fully specified name:en,Short name:fr,Short name:en,Data class,Data type,_version:1,_order:1003
9c4b0991-0ef0-42ab-9b98-e4a08a42eb27,,,Prélèvement Cervico-vaginal Clue cells,Vaginal Cervical smear Clue cells,Clue cells,Clue cells,LabTest,Text,,
ce741dca-2b5f-4546-a7dc-f7e155e3a61c,,,Prélèvement Cervico-vaginal Clue cells Date de résultat,Vaginal Cervical smear Clue cells Test Date,Date de résultat,Test Date,Misc,Date,,
82fefaa8-d571-4c19-9b0e-1e60c520e828,,,Prélèvement Cervico-vaginal Levures par champs,Vaginal Cervical smear Yeast cells per field,Levures par champs,Yeast cells per field,LabTest,Text,,
2a66535e-035d-4b78-a8ff-633bda776f6b,,,Prélèvement Cervico-vaginal Levures par champs Date de résultat,Vaginal Cervical smear Yeast cells per field Test Date,Date de résultat,Test Date,Misc,Date,,
f60b0583-65ce-4248-b2d6-a0d3f008a200,,,Prélèvement Cervico-vaginal Cellules épithéliales par champs,Vaginal Cervical smear Epithelial cells per field,Cellules épithéliales par champs,Epithelial cells per field,LabTest,Text,,
0fb92971-4f0d-4109-ae2c-3d71eb99e75a,,,Prélèvement Cervico-vaginal Cellules épithéliales par champs Date de résultat,Vaginal Cervical smear Epithelial cells per field Test Date,Date de résultat,Test Date,Misc,Date,,
bbaebad9-d083-4d4a-9233-f588a8811987,,,Prélèvement Cervico-vaginal Leucocytes par champ,Vaginal Cervical smear Leucocytes per field,Leucocytes par champ,Leucocytes per field,LabTest,Text,,
6f9e0a25-bca7-4d6e-b277-7e063ab33150,,,Prélèvement Cervico-vaginal Leucocytes par champ Date de résultat,Vaginal Cervical smear Leucocytes per field Test Date,Date de résultat,Test Date,Misc,Date,,
cfbf48d4-5669-4091-9670-101273bba598,,,Prélèvement Cervico-vaginal Trichomonas vaginalis 1 ou 0,Vaginal Cervical smear Trichomonas vaginalis 1 ou 0,Trichomonas vaginalis 1 ou 0,Trichomonas vaginalis 1 ou 0,LabTest,Text,,
5e8d0527-f2a9-4905-b72f-83e8baba892f,,,Prélèvement Cervico-vaginal Trichomonas vaginalis 1 ou 0 Date de résultat,Vaginal Cervical smear Trichomonas vaginalis 1 ou 0 Test Date,Date de résultat,Test Date,Misc,Date,,
d44c9737-58f2-4b94-8be2-6d5b52f480e9,,,Prélèvement Cervico-vaginal Flore de doderlein,Vaginal Cervical smear Doderlein flora,Flore de doderlein,Doderlein flora,LabTest,Text,,
d77df155-892c-4480-89f3-47a562e81c24,,,Prélèvement Cervico-vaginal Flore de doderlein Date de résultat,Vaginal Cervical smear Doderlein flora Test Date,Date de résultat,Test Date,Misc,Date,,
3febc26f-f57c-4c79-939c-79af8a6c91e7,,,Prélèvement Cervico-vaginal Bacilles par gram +,Vaginal Cervical smear Gram + Bacilli,Bacilles par gram +,Gram + Bacilli,LabTest,Text,,
19fee49e-ab4b-4fb4-ac38-2e7e3b65ca3f,,,Prélèvement Cervico-vaginal Bacilles par gram + Date de résultat,Vaginal Cervical smear Gram + Bacilli Test Date,Date de résultat,Test Date,Misc,Date,,
e0653776-56ad-4037-9773-a07f834cf47b,,,Prélèvement Cervico-vaginal Gardenerella vaginalis,Vaginal Cervical smear Gardenerella vaginalis,Gardenerella vaginalis,Gardenerella vaginalis,LabTest,Text,,
bf2018c2-9770-433b-8c6b-6d34c9eeb091,,,Prélèvement Cervico-vaginal Gardenerella vaginalis Date de résultat,Vaginal Cervical smear Gardenerella vaginalis Test Date,Date de résultat,Test Date,Misc,Date,,
3c2b2f14-0eb7-4110-866c-3b1e11c3d713,,,Prélèvement Cervico-vaginal Bacilles par Gram -,Vaginal Cervical smear Gram - Bacilli,Bacilles par Gram -,Gram - Bacilli,LabTest,Text,,
817c4d14-0582-4f32-aaf7-904eec96379f,,,Prélèvement Cervico-vaginal Bacilles par Gram - Date de résultat,Vaginal Cervical smear Gram - Bacilli Test Date,Date de résultat,Test Date,Misc,Date,,
87fecd1c-a2f0-4448-a932-9293416b8be7,,,Prélèvement Cervico-vaginal Cocci par Gram +,Vaginal Cervical smear Gram + Cocci,Cocci par Gram +,Gram + Cocci,LabTest,Text,,
57713f25-a934-4d23-9d8c-c570f28cc853,,,Prélèvement Cervico-vaginal Cocci par Gram + Date de résultat,Vaginal Cervical smear Gram + Cocci Test Date,Date de résultat,Test Date,Misc,Date,,
36885e85-9e5b-46e0-b4d4-3e73b98eb9cc,,,Prélèvement Cervico-vaginal Type flore vaginale,Vaginal Cervical smear Type of vaginal flora,Type flore vaginale,Type of vaginal flora,LabTest,Text,,
b617ace1-f072-47ed-9bc2-bef1f5709d8a,,,Prélèvement Cervico-vaginal Type flore vaginale Date de résultat,Vaginal Cervical smear Type of vaginal flora Test Date,Date de résultat,Test Date,Misc,Date,,
7d1a1b43-33f1-4751-ba0f-33577b5f2bfe,,,Prélèvement Cervico-vaginal Germe isolé,Vaginal Cervical smear Identified germ,Germe isolé,Identified germ,LabTest,Text,,
185537a5-1d21-4131-98ba-c559fc3567fc,,,Prélèvement Cervico-vaginal Germe isolé Date de résultat,Vaginal Cervical smear Identified germ Test Date,Date de résultat,Test Date,Misc,Date,,
a6e1877c-1946-4c89-ac0c-130daad5f25f,,,Prélèvement Cervico-vaginal Antibiograme S.I.R,Vaginal Cervical smear Antibiogram S.I.R,Antibiograme S.I.R,Antibiogram S.I.R,LabTest,Text,,
be3d22a8-4383-4203-ba80-46c5a852e028,,,Prélèvement Cervico-vaginal Antibiograme S.I.R Date de résultat,Vaginal Cervical smear Antibiogram S.I.R Test Date,Date de résultat,Test Date,Misc,Date,,
13281162-6841-425d-84a8-04ca121900de,Vaginal Cervical smear Clue cells;Vaginal Cervical smear Clue cells Test Date;Vaginal Cervical smear Yeast cells per field;Vaginal Cervical smear Yeast cells per field Test Date;Vaginal Cervical smear Epithelial cells per field;Vaginal Cervical smear Epithelial cells per field Test Date;Vaginal Cervical smear Leucocytes per field;Vaginal Cervical smear Leucocytes per field Test Date;Vaginal Cervical smear Trichomonas vaginalis 1 ou 0;Vaginal Cervical smear Trichomonas vaginalis 1 ou 0 Test Date;Vaginal Cervical smear Doderlein flora;Vaginal Cervical smear Doderlein flora Test Date;Vaginal Cervical smear Gram + Bacilli;Vaginal Cervical smear Gram + Bacilli Test Date;Vaginal Cervical smear Gardenerella vaginalis;Vaginal Cervical smear Gardenerella vaginalis Test Date;Vaginal Cervical smear Gram - Bacilli;Vaginal Cervical smear Gram - Bacilli Test Date;Vaginal Cervical smear Gram + Cocci;Vaginal Cervical smear Gram + Cocci Test Date;Vaginal Cervical smear Type of vaginal flora;Vaginal Cervical smear Type of vaginal flora Test Date;Vaginal Cervical smear Identified germ;Vaginal Cervical smear Identified germ Test Date;Vaginal Cervical smear Antibiogram S.I.R;Vaginal Cervical smear Antibiogram S.I.R Test Date,,Prélèvement Cervico-vaginal,Vaginal Cervical smear,Prélèvement Cervico-vaginal,Vaginal Cervical smear,Misc,N/A,,
1cbeb75d-d9ab-44cf-a86d-7229a9025488,,,Prélèvement urétral Cellules épithéliales,Urethral smear Epithelial cells,Cellules épithéliales,Epithelial cells,LabTest,Text,,
c43566e2-cd73-4f97-ba9c-7a5d0cf65570,,,Prélèvement urétral Cellules épithéliales Date de résultat,Urethral smear Epithelial cells Test Date,Date de résultat,Test Date,Misc,Date,,
38c8964d-50c3-4f83-b993-d1c3c8bb2301,,,Prélèvement urétral Trichomonas vaginalis,Urethral smear Trichomonas vaginalis,Trichomonas vaginalis,Trichomonas vaginalis,LabTest,Text,,
80a0b7f3-6e3a-4e67-8601-ee80ed438a83,,,Prélèvement urétral Trichomonas vaginalis Date de résultat,Urethral smear Trichomonas vaginalis Test Date,Date de résultat,Test Date,Misc,Date,,
ef630eed-82e6-433d-95fa-5c49435171d2,,,Prélèvement urétral Leucocytes = WBC,Urethral smear Leucocytes (WBC),Leucocytes (WBC),Leucocytes (WBC),LabTest,Text,,
cf8d42d9-8e0c-4cef-9a23-3a802f292b8e,,,Prélèvement urétral Leucocytes = WBC Date de résultat,Urethral smear Leucocytes (WBC) Test Date,Date de résultat,Test Date,Misc,Date,,
7a5e90b0-6165-4bbd-9270-e7af9679d058,,,Prélèvement urétral Levures,Urethral smear Yeast,Levures,Yeast,LabTest,Text,,
208a0c30-bec3-44ca-86fe-9047d8b4891f,,,Prélèvement urétral Levures Date de résultat,Urethral smear Yeast Test Date,Date de résultat,Test Date,Misc,Date,,
2ec18ab0-c081-4ea6-bbdc-d92736f33a7d,,,Prélèvement urétral Diplocoque de Neisseria,Urethral smear Diplocoque de Neisseria / Neisseria diplococci,Diplocoque de Neisseria,Neisseria diplococci,LabTest,Text,,
a09ddc8d-da6d-43c1-a91d-b6b6eb557bad,,,Prélèvement urétral Diplocoque de Neisseria Date de résultat,Urethral smear Diplocoque de Neisseria / Neisseria diplococci Test Date,Date de résultat,Test Date,Misc,Date,,
8bc2003d-d97a-4a00-a693-9b677d2225d3,,,Prélèvement urétral Bacilles par Gram +,Urethral smear Gram + Bacilli,Bacilles par Gram +,Gram + Bacilli,LabTest,Text,,
9bf2ac64-9b8d-4552-9ab2-cd7f001d6363,,,Prélèvement urétral Bacilles par Gram + Date de résultat,Urethral smear Gram + Bacilli Test Date,Date de résultat,Test Date,Misc,Date,,
f4529a5f-595f-4bbe-a1aa-b2691cfff865,,,Prélèvement urétral Bacilles par Gram -,Urethral smear Gram - Bacilli,Bacilles par Gram -,Gram - Bacilli,LabTest,Text,,
af7f9fb3-7fef-4b11-bc41-149ade72dbfc,,,Prélèvement urétral Bacilles par Gram - Date de résultat,Urethral smear Gram - Bacilli Test Date,Date de résultat,Test Date,Misc,Date,,
53a657c4-36ff-42c4-b07e-5949f193ac5c,,,Prélèvement urétral Cocci par Gram +,Urethral smear Gram + Cocci,Cocci par Gram +,Gram + Cocci,LabTest,Text,,
b43f3658-81a9-46ad-b5b4-30e4faa2f432,,,Prélèvement urétral Cocci par Gram + Date de résultat,Urethral smear Gram + Cocci Test Date,Date de résultat,Test Date,Misc,Date,,
8217fd9a-7ad4-41c6-8f5e-2fbb23194dc8,,,Prélèvement urétral Cocci par Gram -,Urethral smear Gram - Cocci,Cocci par Gram -,Gram - Cocci,LabTest,Text,,
ffa5824f-563e-4649-814b-5f0ae3060a06,,,Prélèvement urétral Cocci par Gram - Date de résultat,Urethral smear Gram - Cocci Test Date,Date de résultat,Test Date,Misc,Date,,
dfc60a56-4ba8-4e35-b928-479bdf9f6ff7,,,Prélèvement urétral Germe isolé,Urethral smear Identified germ,Germe isolé,Identified germ,LabTest,Text,,
214a3b6e-3c92-4b27-95fa-33e179618154,,,Prélèvement urétral Germe isolé Date de résultat,Urethral smear Identified germ Test Date,Date de résultat,Test Date,Misc,Date,,
6dd6b46c-cc13-4292-a930-ed52c8c8bad9,,,Prélèvement urétral Antibiograme S.I.R,Urethral smear Antibiogram S.I.R,Antibiograme S.I.R,Antibiogram S.I.R,LabTest,Text,,
dedbbb53-0a57-40ae-9e41-807ca70f9028,,,Prélèvement urétral Antibiograme S.I.R Date de résultat,Urethral smear Antibiogram S.I.R Test Date,Date de résultat,Test Date,Misc,Date,,
1003408f-5ede-486e-ab5c-79a65fcab450,Urethral smear Epithelial cells;Urethral smear Epithelial cells Test Date;Urethral smear Trichomonas vaginalis;Urethral smear Trichomonas vaginalis Test Date;Urethral smear Leucocytes (WBC);Urethral smear Leucocytes (WBC) Test Date;Urethral smear Yeast;Urethral smear Yeast Test Date;Urethral smear Diplocoque de Neisseria / Neisseria diplococci;Urethral smear Diplocoque de Neisseria / Neisseria diplococci Test Date;Urethral smear Gram + Bacilli;Urethral smear Gram + Bacilli Test Date;Urethral smear Gram - Bacilli;Urethral smear Gram - Bacilli Test Date;Urethral smear Gram + Cocci;Urethral smear Gram + Cocci Test Date;Urethral smear Gram - Cocci;Urethral smear Gram - Cocci Test Date;Urethral smear Identified germ;Urethral smear Identified germ Test Date;Urethral smear Antibiogram S.I.R;Urethral smear Antibiogram S.I.R Test Date,,Prélèvement urétral,Urethral smear,Prélèvement urétral,Urethral smear,Misc,N/A,,
1087d5dc-fd71-4ae6-8e96-f90a148ca5ee,,,Examen Cyto bactériologique des Urines Cellules épithéliales,Cyto Bacterial exam of urine Epithelial cells,Cellules épithéliales,Epithelial cells,LabTest,Text,,
20294729-6520-4434-a313-718c57a78f01,,,Examen Cyto bactériologique des Urines Cellules épithéliales Date de résultat,Cyto Bacterial exam of urine Epithelial cells Test Date,Date de résultat,Test Date,Misc,Date,,
ad427b03-f06e-4447-9add-7680971c5399,,,Examen Cyto bactériologique des Urines Bactéries(ml),Cyto Bacterial exam of urine Bacteria (ml),Bactéries(ml),Bacteria (ml),LabTest,Text,,
4ddd4f55-cc66-4b99-90e5-6b824fd356b2,,,Examen Cyto bactériologique des Urines Bactéries(ml) Date de résultat,Cyto Bacterial exam of urine Bacteria (ml) Test Date,Date de résultat,Test Date,Misc,Date,,
4404f7c8-2a7f-49cb-96a9-689bd4335e0e,,,Examen Cyto bactériologique des Urines Nombre de Leucocytes,Cyto Bacterial exam of urine Number of white blood cells,Nombre de Leucocytes,Number of white blood cells,LabTest,Text,,
bcfd2aef-66e8-4d00-b0fd-8cb3f847764a,,,Examen Cyto bactériologique des Urines Nombre de Leucocytes Date de résultat,Cyto Bacterial exam of urine Number of white blood cells Test Date,Date de résultat,Test Date,Misc,Date,,
cba89234-d6c3-4070-9aff-e6fa9beff576,,,Examen Cyto bactériologique des Urines Nombre d'Hématies,Cyto Bacterial exam of urine Number of red blood cells,Nombre d'Hématies,Number of red blood cells,LabTest,Text,,
a0b9ced3-5c3c-4154-a7be-f0280dffd8bf,,,Examen Cyto bactériologique des Urines Nombre d'Hématies Date de résultat,Cyto Bacterial exam of urine Number of red blood cells Test Date,Date de résultat,Test Date,Misc,Date,,
6c9c4c45-6362-4db6-a3ef-c41eab378486,,,Examen Cyto bactériologique des Urines Cristaux,Cyto Bacterial exam of urine Crystals,Cristaux,Crystals,LabTest,Text,,
7bef86e6-4a24-4d74-ace1-54321c3405d0,,,Examen Cyto bactériologique des Urines Cristaux Date de résultat,Cyto Bacterial exam of urine Crystals Test Date,Date de résultat,Test Date,Misc,Date,,
adabab1c-12de-4210-a967-f6cbe702d24b,,,Examen Cyto bactériologique des Urines Flagellés,Cyto Bacterial exam of urine Flagellés,Flagellés,Flagellés,LabTest,Text,,
0d12b992-797a-4841-a469-f121b0c3106b,,,Examen Cyto bactériologique des Urines Flagellés Date de résultat,Cyto Bacterial exam of urine Flagellés Test Date,Date de résultat,Test Date,Misc,Date,,
c020b7c2-b8f7-4ac5-bb5b-62e6f1bc0ec6,,,Examen Cyto bactériologique des Urines Levures,Cyto Bacterial exam of urine Yeast,Levures,Yeast,LabTest,Text,,
02bc487b-f561-4f7d-b90a-c79e5d447e09,,,Examen Cyto bactériologique des Urines Levures Date de résultat,Cyto Bacterial exam of urine Yeast Test Date,Date de résultat,Test Date,Misc,Date,,
e12a68b0-3b3a-42e1-9b46-0a07070dde53,,,Examen Cyto bactériologique des Urines Dénombrement des germes urinaires,Cyto Bacterial exam of urine Urinary germs count,Dénombrement des germes urinaires,Urinary germs count,LabTest,Text,,
e4a0d413-359d-461a-afa1-8da2f7937841,,,Examen Cyto bactériologique des Urines Dénombrement des germes urinaires Date de résultat,Cyto Bacterial exam of urine Urinary germs count Test Date,Date de résultat,Test Date,Misc,Date,,
9f4d0c72-654c-402d-b127-4829ac342351,,,Examen Cyto bactériologique des Urines Germe isolé,Cyto Bacterial exam of urine Isolated germs,Germe isolé,Isolated germs,LabTest,Text,,
897e9747-24e2-4298-9350-4abd255e8784,,,Examen Cyto bactériologique des Urines Germe isolé Date de résultat,Cyto Bacterial exam of urine Isolated germs Test Date,Date de résultat,Test Date,Misc,Date,,
49f4ea04-518f-4aa1-b523-7133aacf5d8a,,,Examen Cyto bactériologique des Urines Antibiograme S.I.R,Cyto Bacterial exam of urine Antibiogram S.I.R,Antibiograme S.I.R,Antibiogram S.I.R,LabTest,Text,,
f7da1f2e-b964-4e4f-aeb5-735e23d9d5ba,,,Examen Cyto bactériologique des Urines Antibiograme S.I.R Date de résultat,Cyto Bacterial exam of urine Antibiogram S.I.R Test Date,Date de résultat,Test Date,Misc,Date,,
f3cb2b88-8c0b-437b-a69c-0898adf4df1e,Cyto Bacterial exam of urine Epithelial cells;Cyto Bacterial exam of urine Epithelial cells Test Date;Cyto Bacterial exam of urine Bacteria (ml);Cyto Bacterial exam of urine Bacteria (ml) Test Date;Cyto Bacterial exam of urine Number of white blood cells;Cyto Bacterial exam of urine Number of white blood cells Test Date;Cyto Bacterial exam of urine Number of red blood cells;Cyto Bacterial exam of urine Number of red blood cells Test Date;Cyto Bacterial exam of urine Crystals;Cyto Bacterial exam of urine Crystals Test Date;Cyto Bacterial exam of urine Flagellés;Cyto Bacterial exam of urine Flagellés Test Date;Cyto Bacterial exam of urine Yeast;Cyto Bacterial exam of urine Yeast Test Date;Cyto Bacterial exam of urine Urinary germs count;Cyto Bacterial exam of urine Urinary germs count Test Date;Cyto Bacterial exam of urine Isolated germs;Cyto Bacterial exam of urine Isolated germs Test Date;Cyto Bacterial exam of urine Antibiogram S.I.R;Cyto Bacterial exam of urine Antibiogram S.I.R Test Date,,Examen Cyto bactériologique des Urines,Cyto Bacteriological examination of urine,Examen Cyto bactériologique des Urines,Cyto Bacteriological examination of urine,Misc,N/A,,
c9558bb2-2a41-4d22-a03c-3aca577ddb16,,,Culot Urinaire Cellules épithéliales,Urine Sediments Epithelial cells,Cellules épithéliales,Epithelial cells,LabTest,Text,,
80df6af2-25a6-4730-b265-5f505ef155ea,,,Culot Urinaire Cellules épithéliales Date de résultat,Urine Sediments Epithelial cells Test Date,Date de résultat,Test Date,Misc,Date,,
b4146e71-6892-4372-91a8-5e18790f5ebb,,,Culot Urinaire Nombre de Leucocytes pa champ,Urine Sediments Number of leucocytes seen per field,Nombre de Leucocytes pa champ,Number of leucocytes seen per field,LabTest,Text,,
a0d2247c-e741-4bc9-a94f-b530e3638e3b,,,Culot Urinaire Nombre de Leucocytes pa champ Date de résultat,Urine Sediments Number of leucocytes seen per field Test Date,Date de résultat,Test Date,Misc,Date,,
7836a954-abac-40f2-ac26-ca046a48d7ec,,,Culot Urinaire Nombre d'Hématies par champ,Urine Sediments Number of erythrocytes seen per field,Nombre d'Hématies par champ,Number of erythrocytes seen per field,LabTest,Text,,
fa7c518b-3acf-4acd-9b7a-a055ec279b88,,,Culot Urinaire Nombre d'Hématies par champ Date de résultat,Urine Sediments Number of erythrocytes seen per field Test Date,Date de résultat,Test Date,Misc,Date,,
0d87c1fe-cfc3-410c-9b9b-5c449f34b08e,,,Culot Urinaire Cristaux,Urine Sediments Cristals,Cristaux,Cristals,LabTest,Text,,
a4dea335-c6e1-4b81-8426-39164a51ef87,,,Culot Urinaire Cristaux Date de résultat,Urine Sediments Cristals Test Date,Date de résultat,Test Date,Misc,Date,,
7eed29e4-49ec-4e49-a9e5-c4447087b4af,,,Culot Urinaire Flagellés,Urine Sediments Flagellates,Flagellés,Flagellates,LabTest,Text,,
8cd2a13e-12ea-44ee-a945-6fea327a2ae3,,,Culot Urinaire Flagellés Date de résultat,Urine Sediments Flagellates Test Date,Date de résultat,Test Date,Misc,Date,,
f7cbedde-9468-4b59-8ca3-505699093a4c,,,Culot Urinaire Levures,Urine Sediments Yeast cells,Levures,Yeast cells,LabTest,Text,,
270e1025-2bee-4066-8fe5-59e2dfcd95d5,,,Culot Urinaire Levures Date de résultat,Urine Sediments Yeast cells Test Date,Date de résultat,Test Date,Misc,Date,,
d8382012-7607-4147-895c-3c2ef427d3e2,,,Culot Urinaire Bactéries,Urine Sediments Bacteria,Bactéries,Bacteria,LabTest,Text,,
5161a11b-8b9c-40d4-8cb1-f37a7c284a6d,,,Culot Urinaire Bactéries Date de résultat,Urine Sediments Bacteria Test Date,Date de résultat,Test Date,Misc,Date,,
55cfd235-3b29-461c-adab-3a6b8882ebe0,Urine Sediments Epithelial cells;Urine Sediments Epithelial cells Test Date;Urine Sediments Number of leucocytes seen per field;Urine Sediments Number of leucocytes seen per field Test Date;Urine Sediments Number of erythrocytes seen per field;Urine Sediments Number of erythrocytes seen per field Test Date;Urine Sediments Cristals;Urine Sediments Cristals Test Date;Urine Sediments Flagellates;Urine Sediments Flagellates Test Date;Urine Sediments Yeast cells;Urine Sediments Yeast cells Test Date;Urine Sediments Bacteria;Urine Sediments Bacteria Test Date,,Culot Urinaire,Urine Sediments,Culot Urinaire,Urine Sediments,Misc,N/A,,
ad885b06-6ab2-4a06-b1ec-277fec03bd9f,,,LCR Aspect,CSF Aspect,Aspect,Aspect,LabTest,Text,,
96ca8bc7-2bb0-4b1e-95ee-e3dc11fbee8c,,,LCR Aspect Date de résultat,CSF Aspect Test Date,Date de résultat,Test Date,Misc,Date,,
2cfe0046-7526-44d7-8a9d-8c9f7f2a1554,,,LCR Nombre de cellules épithéliales par ml,CSF Number of epithelial cells per ml,Nombre de cellules épithéliales par ml,Number of epithelial cells per ml,LabTest,Text,,
f49a72ab-2f41-45b4-8dc8-3e9105542daa,,,LCR Nombre de cellules épithéliales par ml Date de résultat,CSF Number of epithelial cells per ml Test Date,Date de résultat,Test Date,Misc,Date,,
40d6e372-cda6-4787-9448-6c7468da17bc,,,LCR Nombre de Leucocytes per ml,CSF Number of leucocytes per ml,Nombre de Leucocytes per ml,Number of leucocytes per ml,LabTest,Text,,
08644907-d4f6-4710-8407-f2f6c1379047,,,LCR Nombre de Leucocytes per ml Date de résultat,CSF Number of leucocytes per ml Test Date,Date de résultat,Test Date,Misc,Date,,
faf907aa-9c50-4675-93f5-50b3d1bf5757,,,LCR Nombre d'Hématies per ml,CSF Number of erythrocytes per ml,Nombre d'Hématies per ml,Number of erythrocytes per ml,LabTest,Text,,
57923930-46f2-4926-8eaa-93b9d5fbbd07,,,LCR Nombre d'Hématies per ml Date de résultat,CSF Number of erythrocytes per ml Test Date,Date de résultat,Test Date,Misc,Date,,
9135a379-0c4a-4d94-8fbb-1dd847ddb92e,,,LCR Cryptococcus,CSF Cryptococcus,Cryptococcus,Cryptococcus,LabTest,Text,,
8b15ef6b-392e-4cd1-9245-b949463f437b,,,LCR Cryptococcus Date de résultat,CSF Cryptococcus Test Date,Date de résultat,Test Date,Misc,Date,,
c5cf1766-aa57-44ea-b827-63761d7e96dc,,,LCR Germe isolé,CSF Identified germ,Germe isolé,Identified germ,LabTest,Text,,
a55af002-c29e-4f1a-ab27-94341be8af63,,,LCR Germe isolé Date de résultat,CSF Identified germ Test Date,Date de résultat,Test Date,Misc,Date,,
6136847a-4a91-4b42-94d8-f82e56e1eda1,,,LCR Antibiograme,CSF Antibiogram,Antibiograme,Antibiogram,LabTest,Text,,
ac8ec626-0a44-4515-a537-a2adfd701ad7,,,LCR Antibiograme Date de résultat,CSF Antibiogram Test Date,Date de résultat,Test Date,Misc,Date,,
7a47d92e-2474-462e-83b3-c78cd60f0eff,CSF Aspect;CSF Aspect Test Date;CSF Number of epithelial cells per ml;CSF Number of epithelial cells per ml Test Date;CSF Number of leucocytes per ml;CSF Number of leucocytes per ml Test Date;CSF Number of erythrocytes per ml;CSF Number of erythrocytes per ml Test Date;CSF Cryptococcus;CSF Cryptococcus Test Date;CSF Identified germ;CSF Identified germ Test Date;CSF Antibiogram;CSF Antibiogram Test Date,,Liquide Céphalo-rachidien,Cerebro-spinal fluid,liquide Céphalo-rachidien,Cerebro-spinal fluid,Misc,N/A,,
48ac9b1a-4048-4273-8d8b-d3cd02ed409a,,,Liquide de Ponction Aspect,Puncture liquid Aspect,Aspect,Aspect,LabTest,Text,,
6b8e2162-3b52-48f6-815a-3c9418f74768,,,Liquide de Ponction Aspect Date de résultat,Puncture liquid Aspect Test Date,Date de résultat,Test Date,Misc,Date,,
59f5a52f-1bb7-4334-8b2b-400123a02dc8,,,Liquide de Ponction Cytologie,Puncture liquid Cytology,Cytologie,Cytology,LabTest,Text,,
23cf779b-06ed-4bff-a4a3-5f5140fba41d,,,Liquide de Ponction Cytologie Date de résultat,Puncture liquid Cytology Test Date,Date de résultat,Test Date,Misc,Date,,
ed3e55a4-958b-4a8d-ba60-516dc80b34e2,,,Liquide de Ponction Biochimie,Puncture liquid Biochemestry,Biochimie,Biochemestry,LabTest,Text,,
2799a595-7d00-4277-bba3-6bd62ca53f03,,,Liquide de Ponction Biochimie Date de résultat,Puncture liquid Biochemestry Test Date,Date de résultat,Test Date,Misc,Date,,
5025f25f-dd50-4c8c-aff2-883949f5a920,,,Liquide de Ponction Levures par champ,Puncture liquid Yeast cells per field,Levures par champ,Yeast cells per field,LabTest,Text,,
44780c26-fc8c-40dc-b542-bf0b2874aee9,,,Liquide de Ponction Levures par champ Date de résultat,Puncture liquid Yeast cells per field Test Date,Date de résultat,Test Date,Misc,Date,,
c3683202-7330-40bf-b0bb-c6328c9f067b,,,Liquide de Ponction Bacilles Gram +,Puncture liquid Gram + bacilli,Bacilles Gram +,Gram + bacilli,LabTest,Text,,
7a3ac47b-6158-4137-8e11-0f0137659d8e,,,Liquide de Ponction Bacilles Gram + Date de résultat,Puncture liquid Gram + bacilli Test Date,Date de résultat,Test Date,Misc,Date,,
d2b39f4e-229d-4ccc-a9dc-52828836dac8,,,Liquide de Ponction Bacilles Gram -,Puncture liquid Gram - bacilli,Bacilles Gram -,Gram - bacilli,LabTest,Text,,
7d084de4-c9d2-4da5-8a06-3d41e788bdc0,,,Liquide de Ponction Bacilles Gram - Date de résultat,Puncture liquid Gram - bacilli Test Date,Date de résultat,Test Date,Misc,Date,,
5d29716f-8cc3-42df-9fbb-3ef05f9a99e4,,,Liquide de Ponction Cocci Gram +,Puncture liquid Gram + cocci,Cocci Gram +,Gram + cocci,LabTest,Text,,
7bc43163-45f1-4318-805f-c254fae7819b,,,Liquide de Ponction Cocci Gram + Date de résultat,Puncture liquid Gram + cocci Test Date,Date de résultat,Test Date,Misc,Date,,
94596111-97ac-4815-8795-ce1387f00701,,,Liquide de Ponction Cocci Gram -,Puncture liquid Gram - cocci,Cocci Gram -,Gram - cocci,LabTest,Text,,
7090bc0b-5cd0-4089-be6b-dd0df69ae89d,,,Liquide de Ponction Cocci Gram - Date de résultat,Puncture liquid Gram - cocci Test Date,Date de résultat,Test Date,Misc,Date,,
5702c5a4-b7b3-468f-a42b-f6b8db49010c,,,Liquide de Ponction Germe isolé,Puncture liquid Identified germ,Germe isolé,Identified germ,LabTest,Text,,
db55f163-98d0-41c9-875c-415ae920f946,,,Liquide de Ponction Germe isolé Date de résultat,Puncture liquid Identified germ Test Date,Date de résultat,Test Date,Misc,Date,,
30f3e6f1-b270-4312-a60e-26af780c8a4f,,,Liquide de Ponction Antibiograme,Puncture liquid Antibiogram,Antibiograme,Antibiogram,LabTest,Text,,
e6e1fb5f-8207-4cd7-b67d-836d605df57f,,,Liquide de Ponction Antibiograme Date de résultat,Puncture liquid Antibiogram Test Date,Date de résultat,Test Date,Misc,Date,,
a5242fcd-50b1-4ee0-ba97-62a4852778c5,Puncture liquid Aspect;Puncture liquid Aspect Test Date;Puncture liquid Cytology;Puncture liquid Cytology Test Date;Puncture liquid Biochemestry;Puncture liquid Biochemestry Test Date;Puncture liquid Yeast cells per field;Puncture liquid Yeast cells per field Test Date;Puncture liquid Gram + bacilli;Puncture liquid Gram + bacilli Test Date;Puncture liquid Gram - bacilli;Puncture liquid Gram - bacilli Test Date;Puncture liquid Gram + cocci;Puncture liquid Gram + cocci Test Date;Puncture liquid Gram - cocci;Puncture liquid Gram - cocci Test Date;Puncture liquid Identified germ;Puncture liquid Identified germ Test Date;Puncture liquid Antibiogram;Puncture liquid Antibiogram Test Date,,Liquide de Ponction,Puncture liquid,Liquide de Ponction,Puncture liquid,Misc,N/A,,
236a7989-19ac-409b-9bad-404ae0d1602e,,,Exudats-Crachats Aspect,Sputum excudates Aspect,Aspect,Aspect,LabTest,Text,,
0507b95e-3dfd-43b5-b861-80a5374e2d5f,,,Exudats-Crachats Aspect Date de résultat,Sputum excudates Aspect Test Date,Date de résultat,Test Date,Misc,Date,,
c40a66f6-3a36-47dd-a381-8ea7d65acf08,,,Exudats-Crachats Cellules épithéliales par champ,Sputum excudates Epithelial cells per field,Cellules épithéliales par champ,Epithelial cells per field,LabTest,Text,,
a56e39ac-b893-4980-b874-496ddf7943c7,,,Exudats-Crachats Cellules épithéliales par champ Date de résultat,Sputum excudates Epithelial cells per field Test Date,Date de résultat,Test Date,Misc,Date,,
c1ac3abb-6e39-4346-9b47-b10c28edbb57,,,Exudats-Crachats Leucocytes par champ,Sputum excudates Leucocytes per field,Leucocytes par champ,Leucocytes per field,LabTest,Text,,
6eef7c53-41d1-420b-b3c9-c054a73f77de,,,Exudats-Crachats Leucocytes par champ Date de résultat,Sputum excudates Leucocytes per field Test Date,Date de résultat,Test Date,Misc,Date,,
9085d010-8be0-414f-a653-fab2d26a1720,,,Exudats-Crachats Levures par champ,Sputum excudates Yeast cells per field,Levures par champ,Yeast cells per field,LabTest,Text,,
afb17f39-175f-4729-aac1-531f2d955a63,,,Exudats-Crachats Levures par champ Date de résultat,Sputum excudates Yeast cells per field Test Date,Date de résultat,Test Date,Misc,Date,,
b651de88-deae-4d1a-9f4d-2d38da30eb29,,,Exudats-Crachats Bacilles Gram +,Sputum excudates Gram + bacilli,Bacilles Gram +,Gram + bacilli,LabTest,Text,,
dcd491ec-06b2-45f3-a1b1-54fd78b7bbcf,,,Exudats-Crachats Bacilles Gram + Date de résultat,Sputum excudates Gram + bacilli Test Date,Date de résultat,Test Date,Misc,Date,,
0a08317f-c691-4437-908d-f178b6e8becd,,,Exudats-Crachats Bacilles Gram -,Sputum excudates Gram - bacilli,Bacilles Gram -,Gram - bacilli,LabTest,Text,,
67d0be5b-3ee7-459e-afc3-2fd6927b0a44,,,Exudats-Crachats Bacilles Gram - Date de résultat,Sputum excudates Gram - bacilli Test Date,Date de résultat,Test Date,Misc,Date,,
4a506986-81f4-4393-a079-9005519c2513,,,Exudats-Crachats Cocci Gram +,Sputum excudates Gram + cocci,Cocci Gram +,Gram + cocci,LabTest,Text,,
504c150f-bfec-4c5b-9b42-ee6adbc1fb7f,,,Exudats-Crachats Cocci Gram + Date de résultat,Sputum excudates Gram + cocci Test Date,Date de résultat,Test Date,Misc,Date,,
8ec14e66-7de6-4fd8-95d7-93f39c4caf75,,,Exudats-Crachats Cocci Gram -,Sputum excudates Gram - cocci,Cocci Gram -,Gram - cocci,LabTest,Text,,
a65e0c84-9106-4218-880c-892aa1bef10a,,,Exudats-Crachats Cocci Gram - Date de résultat,Sputum excudates Gram - cocci Test Date,Date de résultat,Test Date,Misc,Date,,
b24aff65-7c58-42df-be92-c977e0ade835,,,Exudats-Crachats Germe isolé,Sputum excudates Identified germ,Germe isolé,Identified germ,LabTest,Text,,
2b80dcc5-669f-46b8-a467-37a72e203ba3,,,Exudats-Crachats Germe isolé Date de résultat,Sputum excudates Identified germ Test Date,Date de résultat,Test Date,Misc,Date,,
685caecf-7c4e-4f92-97db-03c2a9b7620b,,,Exudats-Crachats Antibiograme,Sputum excudates Antibiogram,Antibiograme,Antibiogram,LabTest,Text,,
b94eef56-ec7d-4877-8786-982b2b9067eb,,,Exudats-Crachats Antibiograme Date de résultat,Sputum excudates Antibiogram Test Date,Date de résultat,Test Date,Misc,Date,,
85eb2e21-8a45-47e1-a0f0-0338270e5b13,Sputum excudates Aspect;Sputum excudates Aspect Test Date;Sputum excudates Epithelial cells per field;Sputum excudates Epithelial cells per field Test Date;Sputum excudates Leucocytes per field;Sputum excudates Leucocytes per field Test Date;Sputum excudates Yeast cells per field;Sputum excudates Yeast cells per field Test Date;Sputum excudates Gram + bacilli;Sputum excudates Gram + bacilli Test Date;Sputum excudates Gram - bacilli;Sputum excudates Gram - bacilli Test Date;Sputum excudates Gram + cocci;Sputum excudates Gram + cocci Test Date;Sputum excudates Gram - cocci;Sputum excudates Gram - cocci Test Date;Sputum excudates Identified germ;Sputum excudates Identified germ Test Date;Sputum excudates Antibiogram;Sputum excudates Antibiogram Test Date,,Exudats-Crachats,Sputum excudates,Exudats-Crachats,Sputum excudates,Misc,N/A,,
476e202a-6ff3-46b6-8f9f-ddde18a958d8,,,Hémoculture Germs,Blood Culture Germs,Germs,Germs,LabTest,Text,,
d97ab871-14bc-4342-906a-33634742dc3f,,,Hémoculture Germs Date de résultat,Blood Culture Germs Test Date,Date de résultat,Test Date,Misc,Date,,
57d090e9-99c5-4f8d-a7c4-a8a3451ab6fb,,,Hémoculture Antibiograme,Blood Culture Antibiogram,Antibiograme,Antibiogram,LabTest,Text,,
f180beee-48a5-42fc-94eb-918343e19d30,,,Hémoculture Antibiograme Date de résultat,Blood Culture Antibiogram Test Date,Date de résultat,Test Date,Misc,Date,,
2ff87d8f-442a-45b1-adef-f952663c001c,Blood Culture Germs;Blood Culture Germs Test Date;Blood Culture Antibiogram;Blood Culture Antibiogram Test Date,,Hémoculture,Blood (Culture),Hémoculture,Blood Culture,Misc,N/A,,
8923bb59-e16e-403f-bd7b-9b227ca1a1e6,,,Coproculture Gram,Stool Culture Gram,Gram,Gram,LabTest,Text,,
8fab97dd-f260-4ebe-84c6-e0d9aeec255f,,,Coproculture Gram Date de résultat,Stool Culture Gram Test Date,Date de résultat,Test Date,Misc,Date,,
a5344b81-53d5-46c8-8131-176d3fcb7a7e,,,Coproculture Germs,Stool Culture Germs,Germs,Germs,LabTest,Text,,
513cbefd-dc25-4968-98b6-e95b767d35ef,,,Coproculture Germs Date de résultat,Stool Culture Germs Test Date,Date de résultat,Test Date,Misc,Date,,
12aac339-a8d1-4018-bb6b-bdbc428ef8d7,,,Coproculture Antibiograme,Stool Culture Antibiogram,Antibiograme,Antibiogram,LabTest,Text,,
eaf0bb31-02cc-4903-9ea2-bed80da038ea,,,Coproculture Antibiograme Date de résultat,Stool Culture Antibiogram Test Date,Date de résultat,Test Date,Misc,Date,,
124df5ea-b28d-45af-b875-6a05aa337735,Stool Culture Gram;Stool Culture Gram Test Date;Stool Culture Germs;Stool Culture Germs Test Date;Stool Culture Antibiogram;Stool Culture Antibiogram Test Date,,Coproculture,Culture (Stool),Coproculture,Culture (Stool),Misc,N/A,,
65fa038c-77ac-4340-98a8-e17bca5ab305,Vaginal Cervical smear;Urethral smear;Cyto Bacteriological examination of urine;Urine Sediments;Cerebro-spinal fluid;Puncture liquid;Sputum excudates;Blood (Culture);Culture (Stool),,Département de bactériologie,Bacteriology Dept,Département de bactériologie,Bacteriology Dept,Misc,N/A,,
c3d078ae-0dcf-4e69-bc59-a7eef9343b93,,,GR,Total Leucocyte count,GR,WBC,LabTest,Text,,
5c700088-9e98-489f-a2f2-0e442fbd38b7,,,GR Date de résultat,Total Leucocyte count Test Date,Date de résultat,Test Date,Misc,Date,,
bf9bb06c-f749-4e14-bfe0-86fee8c87a1c,,,GB,RBC,GB,RBC,LabTest,Text,,
6bd2b822-fa44-4dd9-a2a3-1daa1da6ced6,,,GB Date de résultat,RBC Test Date,Date de résultat,Test Date,Misc,Date,,
2e233c44-511d-446d-9c8b-c7de67f8e5e8,,,Plaquette Date de résultat,Platelets Test Date,Date de résultat,Test Date,Misc,Date,,
ac9b309c-b3bb-4c2f-a664-00b50dc88da3,,,VGM,MCV?,VGM,MCV?,LabTest,Text,,
97aa3d1d-5172-4268-b8ea-232b052972ac,,,VGM Date de résultat,MCV? Test Date,Date de résultat,Test Date,Misc,Date,,
88b686f5-a37d-441f-903e-ecd4713e54e3,,,CGM,MCH?,CGM,MCH?,LabTest,Text,,
1306f7d0-0b66-4a29-8abf-2e6e3f200e3c,,,CGM Date de résultat,MCH? Test Date,Date de résultat,Test Date,Misc,Date,,
770b346d-c700-4944-be11-65cedcaf4765,,,PN,Neutrolphils,PN,Neutrolphils,LabTest,Text,,
c22ebb68-6bbf-42a3-be57-c474e6d503fd,,,PN Date de résultat,Neutrolphils Test Date,Date de résultat,Test Date,Misc,Date,,
e1f22a54-d503-4a74-92d1-a1ec1599b54d,,,Lymphocite,Lymphocytes,Lymphocite,Lymphocytes,LabTest,Text,,
8e55d2d6-ebfd-4803-855d-62c3f257b515,,,Lymphocite Date de résultat,Lymphocytes Test Date,Date de résultat,Test Date,Misc,Date,,
e8bb139a-b47f-4746-bac4-ea9d8d0339b4,,,M,Monocytes,M,Monocytes,LabTest,Text,,
785ca0ee-29e2-4297-ad9c-9403ddc9cfef,,,M Date de résultat,Monocytes Test Date,Date de résultat,Test Date,Misc,Date,,
9277f041-341f-4faf-90e8-ad37158374cf,,,PE,Eosinophils,PE,Eosinophils,LabTest,Text,,
1a087b52-310c-4505-83ae-5d7fea440795,,,PE Date de résultat,Eosinophils Test Date,Date de résultat,Test Date,Misc,Date,,
5d4e8c84-9cf5-42c9-bb7c-02983b3339a0,,,PB,Basophils,PB,Basophils,LabTest,Text,,
99daac70-eb8f-415e-bf5e-24b4ccb185a6,,,PB Date de résultat,Basophils Test Date,Date de résultat,Test Date,Misc,Date,,
fe769568-16da-4d9e-9c99-fbed0a8a60f5,,,Hemoglobin,Haemoglobin,Hemoglobin,Haemoglobin,LabTest,Text,,
d29f697b-4811-4e4c-ad2d-524afa98e2d9,,,Hemoglobin Date de résultat,Haemoglobin Test Date,Date de résultat,Test Date,Misc,Date,,
66bbf858-6170-4c4c-b060-f9f114cca626,,,Hematocrite,Haematocrit,Hematocrite,Haematocrit,LabTest,Text,,
ca9507a4-6c30-4006-92f7-befa0226864e,,,Hematocrite Date de résultat,Haematocrit Test Date,Date de résultat,Test Date,Misc,Date,,
e31a086d-c2ed-4c4e-b9c8-8fabc4ee3040,Total Leucocyte count;Total Leucocyte count Test Date;RBC;RBC Test Date;Platelets;Platelets Test Date;MCV?;MCV? Test Date;MCH?;MCH? Test Date;Neutrolphils;Neutrolphils Test Date;Lymphocytes;Lymphocytes Test Date;Monocytes;Monocytes Test Date;Eosinophils;Eosinophils Test Date;Basophils;Basophils Test Date;Haemoglobin;Haemoglobin Test Date;Haematocrit;Haematocrit Test Date,,NFS,CBC (NFS),NFS,CBC (NFS),Misc,N/A,,
04ea884b-51b5-4e02-9c03-50a0b39f7dc5,,,Réticulocytes,Reticulocytes,Réticulocytes,Reticulocytes,LabTest,Text,,
0aeea0f5-afad-4a4b-b26c-92c4f8343257,,,Réticulocytes Date de résultat,Reticulocytes Test Date,Date de résultat,Test Date,Misc,Date,,
c006e1d8-4073-4074-9a35-38875a84bfbe,,,Vitesse de Sédimentation,Erythrocyte Sedimentation Rate,Vitesse de Sédimentation,Erythrocyte Sedimentation Rate,LabTest,Text,,
24d24c34-e7e3-441b-92a4-422fbef6434e,,,Vitesse de Sédimentation Date de résultat,Erythrocyte Sedimentation Rate Test Date,Date de résultat,Test Date,Misc,Date,,
f8ca5471-4e76-4737-8ea4-7555f6d5af0f,,,ABO,ABO,ABO,ABO,LabTest,Text,,
114f50f4-4fa5-407f-aa44-6ff28e4cc7cf,,,ABO Date de résultat,ABO Test Date,Date de résultat,Test Date,Misc,Date,,
2b779c52-b483-48ce-9cae-87e744695bf0,,,Rh +/-,Rh +/-,Rh +/-,Rh +/-,LabTest,Text,,
02d25db5-a056-4508-baf8-3040343af87b,,,Rh +/- Date de résultat,Rh +/- Test Date,Date de résultat,Test Date,Misc,Date,,
40086195-e758-4a08-a07f-bfca132a492a,ABO;ABO Test Date;Rh +/-;Rh +/- Test Date,,Groupe Sanguin,Blood grouping,Groupe Sanguin,Blood grouping,Misc,Text,,
5a993557-b47c-427c-87d9-abc9c32951f0,,,Temps de saignement,Bleeding time,Temps de saignement,Bleeding time,LabTest,Text,,
66ff9f0e-292f-4356-8b52-e278026fe20c,,,Temps de saignement Date de résultat,Bleeding time Test Date,Date de résultat,Test Date,Misc,Date,,
f72a35f7-f08f-4786-bd22-3e90dfa29f4d,,,Temps de coagulation,Clotting time,Temps de coagulation,Clotting time,LabTest,Text,,
6739cbf8-b353-417b-9a8a-7e139cbe9008,,,Temps de coagulation Date de résultat,Clotting time Test Date,Date de résultat,Test Date,Misc,Date,,
b97bb1ab-ed7c-4261-bd56-3b56a12e6429,,,Taux de prothrombine,INR,Taux de prothrombine,INR,LabTest,Text,,
c275dffe-aac9-4d07-b4b6-6029fbc6b8bc,,,Taux de prothrombine Date de résultat,INR Test Date,Date de résultat,Test Date,Misc,Date,,
14556e8b-38cf-4cf3-a18c-dda72ecfecfd,,,Temps de Cephaline -Kaolin,Cephalin-Kaolin time,Temps de Cephaline -Kaolin,Cephalin-Kaolin time,LabTest,Text,,
a4de8a5a-184a-4aab-b5eb-89be74ce84a0,,,Temps de Cephaline -Kaolin Date de résultat,Cephalin-Kaolin time Test Date,Date de résultat,Test Date,Misc,Date,,
6e23a99b-ae9a-42de-8b95-38ebdf977835,Bleeding time;Bleeding time Test Date;Clotting time;Clotting time Test Date;INR;INR Test Date;Cephalin-Kaolin time;Cephalin-Kaolin time Test Date,,Hémostase,Haemostasis,Hémostase,Haemostasis,Misc,N/A,,
cb47c708-38b3-4bc8-9955-5271efc77fdd,,,Test d'Emmel,Emmel test (P/N),Test d'Emmel,Emmel test (P/N),LabTest,Text,,
9acec936-c10a-46f4-9cc6-47d0fb37c92f,,,Test d'Emmel Date de résultat,Emmel test (P/N) Test Date,Date de résultat,Test Date,Misc,Date,,
809dd0f5-ce54-441c-b835-a2a8b06a6140,,,CD4,CD4,CD4,CD4,LabTest,Text,,
c036cb1f-d061-40f4-b0f6-2401b4607f59,,,CD4 Date de résultat,CD4 Test Date,Date de résultat,Test Date,Misc,Date,,
aea928c9-5525-449e-92e4-313a87bdc136,,,Myelogramm,Myelogramm,Myelogramm,Myelogramm,LabTest,Text,,
e3a379a8-2508-4fd1-bafb-04e994f4d856,,,Myelogramm Date de résultat,Myelogramm Test Date,Date de résultat,Test Date,Misc,Date,,
ce7df201-7edb-46ec-a40f-3298ebb9f49c,,,VDRL,VDRL,VDRL,VDRL,LabTest,Text,,
c976b25d-b0df-4bd9-94f6-da55db7fd323,,,VDRL Date de résultat,VDRL Test Date,Date de résultat,Test Date,Misc,Date,,
ea07f728-cc9e-426f-bcef-6a3d4361da73,,,TPHA,TPHA,TPHA,TPHA,LabTest,Text,,
cd914a45-90f4-49ea-bdd5-45c35084b21b,,,TPHA Date de résultat,TPHA Test Date,Date de résultat,Test Date,Misc,Date,,
4ac71a9f-9549-4793-88cf-75fe0ea83178,VDRL;VDRL Test Date;TPHA;TPHA Test Date,,Sérologie Syphilis,Syphilis Serologiy,Sérologie Syphilis,Syphilis Serologiy,Misc,N/A,,
70b4549d-12d7-4870-b6fd-4b45facb328e,,,TO,TO,TO,TO,LabTest,Text,,
5d65353d-55dd-4999-a842-c74f0bcfc3f4,,,TO Date de résultat,TO Test Date,Date de résultat,Test Date,Misc,Date,,
819fd38a-3a4e-46ec-94df-eed2257a0e0c,,,TH,TH,TH,TH,LabTest,Text,,
f10d85e1-27bd-4d45-8f53-dd8f301450fa,,,TH Date de résultat,TH Test Date,Date de résultat,Test Date,Misc,Date,,
14ec8aef-2bd3-42d2-9df2-c00dfee31880,,,AO,AO,AO,AO,LabTest,Text,,
a7c8f138-a676-40dc-8e9f-4d3a2d252c0d,,,AO Date de résultat,AO Test Date,Date de résultat,Test Date,Misc,Date,,
0fb4e77b-33b1-4e74-89ac-1ada4acb138f,,,AH,AH,AH,AH,LabTest,Text,,
31abb1d6-ff35-431f-a37d-7ae382e71709,,,AH Date de résultat,AH Test Date,Date de résultat,Test Date,Misc,Date,,
c0e371c2-ccca-4e96-a07d-966858ad7a0b,,,BO,BO,BO,BO,LabTest,Text,,
4f47353a-ae89-46c6-bb0f-34a7a15930cc,,,BO Date de résultat,BO Test Date,Date de résultat,Test Date,Misc,Date,,
b32fa012-9c52-402f-9e29-ed61958763f5,,,BH,BH,BH,BH,LabTest,Text,,
be352a29-82cd-4805-815c-f33a51c97ea3,,,BH Date de résultat,BH Test Date,Date de résultat,Test Date,Misc,Date,,
4ff12ec0-01e9-416a-9000-c8ab0f0caf7e,,,CO,CO,CO,CO,LabTest,Text,,
dc9f06ee-b6c2-493f-9281-b694a89d4daf,,,CO Date de résultat,CO Test Date,Date de résultat,Test Date,Misc,Date,,
4bee858f-1ac6-45f9-b37e-577ea4471489,,,CH,CH,CH,CH,LabTest,Text,,
153b5a60-bf96-4974-b147-78daa32a8145,,,CH Date de résultat,CH Test Date,Date de résultat,Test Date,Misc,Date,,
1ab20bce-c0a3-4495-b3ac-c911e69c131e,TO;TO Test Date;TH;TH Test Date;AO;AO Test Date;AH;AH Test Date;BO;BO Test Date;BH;BH Test Date;CO;CO Test Date;CH;CH Test Date,,Sérodiagnostic de Widal et Félix,Widal Test,Sérodiagnostic de Widal et Félix,Widal Test,Misc,N/A,,
d9bc19ab-c223-4283-8800-daf9da3b7c4b,,,Anti Strepto Lysine O / A.S.L.O.,Anti Strepto Lysine O / A.S.L.O.,Anti Strepto Lysine O / A.S.L.O.,Anti Strepto Lysine O / A.S.L.O.,LabTest,Text,,
5a8b150a-be76-455a-9e2d-cdca3c1b7729,,,Anti Strepto Lysine O / A.S.L.O. Date de résultat,Anti Strepto Lysine O / A.S.L.O. Test Date,Date de résultat,Test Date,Misc,Date,,
748fb84d-75ef-4970-8b6d-b6f5342eadd9,,,Facteurs Rhumatoïdes,Rheumatoid factors,Facteurs Rhumatoïdes,Rheumatoid factors,LabTest,Text,,
ea76ec52-865b-4400-9bba-f7e26bf9b3fb,,,Facteurs Rhumatoïdes Date de résultat,Rheumatoid factors Test Date,Date de résultat,Test Date,Misc,Date,,
32c3c2e4-317f-4c49-b927-34b3752e05cb,,,Indéterminé,Indeterminate,Indéterminé,Indeterminate,Misc,N/A,,
4f6f1443-46da-4534-b560-c70c4af30214,,Negative;Positive;Indeterminate,1er Test / Determine,1st Test / Determine,1er Test / Determine,1st Test / Determine,LabTest,Coded,,
f1cb1ce1-6aca-4547-8667-0f812dce8b37,,,1er Test / Determine Date de résultat,1st Test / Determine Test Date,Date de résultat,Test Date,Misc,Date,,
fe1288e6-c79b-40d3-a4a0-717a6ac23ffa,,Negative;Positive;Indeterminate,2e Test / Oraquick or KHB,2nd Test / Oraquick or KHB,2e Test / Oraquick or KHB,2nd Test / Oraquick or KHB,LabTest,Coded,,
66a2d13e-34b2-4a59-8a97-3ad8433546c9,,,2e Test / Oraquick or KHB Date de résultat,2nd Test / Oraquick or KHB Test Date,Date de résultat,Test Date,Misc,Date,,
0fbcb64a-869f-4c0c-a95c-255c370c4fbe,,Negative;Positive;Indeterminate,Retesting 1,Retest 1,Retesting 1,Retest 1,LabTest,Coded,,
095ceba6-f745-481a-84da-9fced9222bc3,,,Retesting 1 Date de résultat,Retest 1 Test Date,Date de résultat,Test Date,Misc,Date,,
0a65dd3d-8534-4209-92b4-39bd6863de2b,,Negative;Positive;Indeterminate,Retesting 2,Retest 2,Retesting 2,Retest 2,LabTest,Coded,,
9d41ac20-ecc6-4973-8d8a-81b176874dd4,,,Retesting 2 Date de résultat,Retest 2 Test Date,Date de résultat,Test Date,Misc,Date,,
ddf890b6-61d3-4d7c-825d-2c0a072537f7,1st Test / Determine;1st Test / Determine Test Date;2nd Test / Oraquick or KHB;2nd Test / Oraquick or KHB Test Date;Retest 1;Retest 1 Test Date;Retest 2;Retest 2 Test Date,,VIH,HIV Tests,VIH,HIV Tests,Misc,N/A,,
184175a6-4d5b-4a73-bfad-05ff01e58d80,,,Antigène HBs,HBs Antigen,Antigène HBs,HBs Antigen,LabTest,Text,,
9f8a4faf-d248-43dc-8bbb-080e5f2cb75a,,,Antigène HBs Date de résultat,HBs Antigen Test Date,Date de résultat,Test Date,Misc,Date,,
fec66488-f245-4ceb-99c9-7ab47f8a5ec3,,,Anticorps HVC,HVC antibodies,Anticorps HVC,HVC antibodies,LabTest,Text,,
1c4fdb1e-cf3e-4462-b0f0-c7d5bcd80609,,,Anticorps HVC Date de résultat,HVC antibodies Test Date,Date de résultat,Test Date,Misc,Date,,
a4bdb591-e673-4d29-9867-1e09a89c61f5,,,Chlamydia,Chlamydia,Chlamydia,Chlamydia,LabTest,Text,,
2f3575d9-6458-4620-8e04-6b0fbafe1e45,,,Chlamydia Date de résultat,Chlamydia Test Date,Date de résultat,Test Date,Misc,Date,,
ba53b869-e844-4a80-a7fe-f755a86e6585,,,Toxoplasmose,Toxoplasmosis,Toxoplasmose,Toxoplasmosis,LabTest,Text,,
f87e96c5-14aa-427b-8716-f8df391d675b,,,Toxoplasmose Date de résultat,Toxoplasmosis Test Date,Date de résultat,Test Date,Misc,Date,,
10ef6abd-4ae7-4a3a-a8ec-26dbbb4ec7b2,,,RUBEOLE,Rubella,RUBEOLE,Rubella,LabTest,Text,,
eca75e94-a37d-496a-aa65-3ff1d2ece534,,,RUBEOLE Date de résultat,Rubella Test Date,Date de résultat,Test Date,Misc,Date,,
f58c5dc4-e936-4eab-9b0a-d3a0cbb42397,,,AUTRES Hématologie,Other Haematology tests,AUTRES Hématologie,Other Haematology tests,LabTest,Text,,
d1295fc8-cfaf-4182-928d-b272b0226e1b,,,AUTRES Hématologie Date de résultat,Other Haematology tests Test Date,Date de résultat,Test Date,Misc,Date,,
6525cda3-d673-49ba-a7e7-d934db98fce3,CBC (NFS);Reticulocytes;Reticulocytes Test Date;Erythrocyte Sedimentation Rate;Erythrocyte Sedimentation Rate Test Date;Blood grouping;Haemostasis;Emmel test (P/N);Emmel test (P/N) Test Date;CD4;CD4 Test Date;Myelogramm;Myelogramm Test Date;Syphilis Serologiy;Widal Test;Anti Strepto Lysine O / A.S.L.O.;Anti Strepto Lysine O / A.S.L.O. Test Date;Rheumatoid factors;Rheumatoid factors Test Date;HIV Tests;HBs Antigen;HBs Antigen Test Date;HVC antibodies;HVC antibodies Test Date;Chlamydia;Chlamydia Test Date;Toxoplasmosis;Toxoplasmosis Test Date;Rubella;Rubella Test Date;Other Haematology tests;Other Haematology tests Test Date,,Département de Hématologie,Haematology Dept,Département de Hématologie,Haematology Dept,Misc,N/A,,
e1945bb9-596d-43d9-9046-3f160e21378d,,,Créatinemie,Creatinemia,Créatinemie,Creatinemia,LabTest,Text,,
938869d4-dc4d-4f60-966d-eff010d7ab58,,,Créatinemie Date de résultat,Creatinemia Test Date,Date de résultat,Test Date,Misc,Date,,
1d68b400-3c92-4a40-a74f-edaf7f4d92e3,,,Acide urique-Uricémie,Uric acid,Acide urique-Uricémie,Uric acid,LabTest,Text,,
fa614f2e-773f-4fa2-ac1e-75fbe9e99b18,,,Acide urique-Uricémie Date de résultat,Uric acid Test Date,Date de résultat,Test Date,Misc,Date,,
1bb32ab1-2b37-4881-8be0-077f6aa2bd52,,,Cholestérol total,Total cholesterol,Cholestérol total,Total cholesterol,LabTest,Text,,
24cda64d-fb97-438a-bd6b-c7ec36584ba7,,,Cholestérol total Date de résultat,Total cholesterol Test Date,Date de résultat,Test Date,Misc,Date,,
a5617738-bf16-432b-b1a8-9bdd92ffba9e,,,Triglycérides,Triglycerides,Triglycérides,Triglycerides,LabTest,Text,,
52b5a0b9-0de5-47f4-91d5-2f86ca1fd8ff,,,Triglycérides Date de résultat,Triglycerides Test Date,Date de résultat,Test Date,Misc,Date,,
6f5afa6e-8e05-45fc-8c86-c01de9671d6a,,,Bilirubine Totale,Total Bilirubin,Totale,Total Bilirubin,LabTest,Text,,
d1da6c66-1c53-4339-95b7-ed8b99694650,,,Bilirubine Totale Date de résultat,Total Bilirubin Test Date,Date de résultat,Test Date,Misc,Date,,
500b0dbf-40f1-48f4-982e-62b46d04ae19,,,Bilirubine Directe ou conjuguée,Direct or conjugate Bilirubin,Directe ou conjuguée,Direct or congugate Bilirubin,LabTest,Text,,
1a2ee875-78af-4046-9510-b68e2f46b4e8,,,Bilirubine Directe ou conjuguée Date de résultat,Direct or conjugate Bilirubin Test Date,Date de résultat,Test Date,Misc,Date,,
884b247b-2fa9-4fb6-bb4d-267baaeb5560,,,ASAT,S. AST,ASAT,S. AST,LabTest,Text,,
d7e38a3e-1114-41f8-8e2b-b1a5d0ea3b32,,,ASAT Date de résultat,S. AST Test Date,Date de résultat,Test Date,Misc,Date,,
2be0dd33-272b-4c8d-9ffd-fdfea02be5de,,,ALAT,S. ALT,ALAT,S. ALT,LabTest,Text,,
ba218904-d955-4d33-bfd4-595379d77dfb,,,ALAT Date de résultat,S. ALT Test Date,Date de résultat,Test Date,Misc,Date,,
c11d979a-2d20-4b5c-a27a-22c52f2d9be0,S. AST;S. AST Test Date;S. ALT;S. ALT Test Date,,Transaminases,Transaminases,Transaminases,Transaminases,Misc,N/A,,
d97b53ae-5f73-42ad-9a4a-920ecfcc1576,,,Amylasémie,Amylase,Amylasémie,Amylase,LabTest,Text,,
9810dc02-6ea9-468d-bf7a-a532e1b9a943,,,Amylasémie Date de résultat,Amylase Test Date,Date de résultat,Test Date,Misc,Date,,
d7cef833-f640-473a-ac5a-42a1fbfe99b1,,,Natremie,Sodium,Natremie,Sodium,LabTest,Text,,
1e5c38b2-0b1c-4e4c-89ec-e93053dcb3ea,,,Natremie Date de résultat,Sodium Test Date,Date de résultat,Test Date,Misc,Date,,
a1ad661b-b639-4b98-9244-d7a462cb6d30,,,Kaliemie,Potassium,Kaliemie,Potassium,LabTest,Text,,
8b1d6f77-2328-45b2-982e-beebd7acbc6b,,,Kaliemie Date de résultat,Potassium Test Date,Date de résultat,Test Date,Misc,Date,,
cfc68437-4e98-4c98-b7f9-a787c68d82ad,,,Magnésemie,Magnésium,Magnésemie,Magnésium,LabTest,Text,,
0a6d0385-fa47-4669-b997-865485acc29e,,,Magnésemie Date de résultat,Magnésium Test Date,Date de résultat,Test Date,Misc,Date,,
0a1d2888-fd53-4031-9470-ca2140f997a9,,,Calcémie,Calcium,Calcémie,Calcium,LabTest,Text,,
d08540a3-aca9-4c13-86fd-6498da090213,,,Calcémie Date de résultat,Calcium Test Date,Date de résultat,Test Date,Misc,Date,,
78c30359-47bb-49b8-af55-85bb996f5830,,,Chlorémie,Chloride,Chlorémie,Chloride,LabTest,Text,,
16d414d8-2a63-4996-9625-0ce8f9188428,,,Chlorémie Date de résultat,Chloride Test Date,Date de résultat,Test Date,Misc,Date,,
211092ff-1891-43e3-aac7-928fd4a538d4,Sodium;Sodium Test Date;Potassium;Potassium Test Date;Magnésium;Magnésium Test Date;Calcium;Calcium Test Date;Chloride;Chloride Test Date,,Ionogramme,Electrolytes,Ionogramme,Electrolytes,Misc,N/A,,
6b357863-36b6-4c10-9468-7d1a56a977d4,,,Créatinurie (24 heures),Creatinuria (24 hours),Créatinurie (24 heures),Creatinuria (24 hours),LabTest,Text,,
22d1600a-8a67-4bbf-b2de-c85e7227c68e,,,Créatinurie (24 heures) Date de résultat,Creatinuria (24 hours) Test Date,Date de résultat,Test Date,Misc,Date,,
c2a8bdb5-ee79-4886-8913-e322098b4ebe,,,Albumine-Sucres-Acetone-Sels Biliairespiments-Biliaires-Bilirubine-Ph-Densite Ur.-Sang-Nitrates,Albumin-Sugar-Aceton-Bile salt-Bile-pigment,Albumine-Sucres-Acetone-Sels Biliairespiments-Biliaires-Bilirubine-Ph-Densite Ur.-Sang-Nitrates,Albumin-Sugar-Aceton-Bile salt-Bile-pigment,LabTest,Text,,
c9e3bacc-65fd-4d5f-ad74-ffe580afa7e9,,,Albumine-Sucres-Acetone-Sels Biliairespiments-Biliaires-Bilirubine-Ph-Densite Ur.-Sang-Nitrates Date de résultat,Albumin-Sugar-Aceton-Bile salt-Bile-pigment Test Date,Date de résultat,Test Date,Misc,Date,,
9d7a4258-6174-4549-be5d-b0c86fa3e48a,,,Test de grossesse,Pregnancy test,Test de grossesse,Pregnancy test,LabTest,Text,,
be001eeb-db15-420b-ad4e-a5ed0512f427,,,Test de grossesse Date de résultat,Pregnancy test Test Date,Date de résultat,Test Date,Misc,Date,,
699a8016-c56c-4474-b149-12aedf35711a,,,Protéinorachie (LCR),Protein (CSF),Protéinorachie,Protein (CSF),LabTest,Text,,
b84b92ea-0c98-4111-a6ed-96ce7ee6181d,,,Protéinorachie (LCR) Date de résultat,Protein (CSF) Test Date,Date de résultat,Test Date,Misc,Date,,
3348fe03-ad5e-462b-ad1e-d7c090533a28,,,Glucorachie (LCR),Glucose (CSF),Glucorachie,Glucose (CSF),LabTest,Text,,
58774955-7281-4fd4-9a54-bb45fdf3bc1a,,,Glucorachie (LCR) Date de résultat,Glucose (CSF) Test Date,Date de résultat,Test Date,Misc,Date,,
ca7b1210-8f27-43f3-9b78-a5acd7100930,,,Chlorures (LCR),Chloride (CSF),Chlorures,Chloride (CSF),LabTest,Text,,
bf889385-7bb4-4851-862a-6935fc2819b9,,,Chlorures (LCR) Date de résultat,Chloride (CSF) Test Date,Date de résultat,Test Date,Misc,Date,,
13ec5ffe-9874-428d-919d-15c29bbc9801,Protein (CSF);Protein (CSF) Test Date;Glucose (CSF);Glucose (CSF) Test Date;Chloride (CSF);Chloride (CSF) Test Date,,LCR,CSF,LCR,CSF,Misc,N/A,,
388bc1c7-d83f-4c73-885c-c4714631c42d,,,Bandelette urinaire,Urine dipstick,Bandelette urinaire,Urine dipstick,LabTest,Text,,
13561d22-88c8-460d-90cc-4451839beca0,,,Bandelette urinaire Date de résultat,Urine dipstick Test Date,Date de résultat,Test Date,Misc,Date,,
5815dbfc-11a4-461d-8a13-e41f10470d10,,,Electrophorèse de l'hémoglobine,Hemoglobin electrophoresis,Electrophorèse de l'hémoglobine,Hemoglobin electrophoresis,LabTest,Text,,
c8b957c8-d7f0-4c9a-8f05-b6823c90e5b5,,,Electrophorèse de l'hémoglobine Date de résultat,Hemoglobin electrophoresis Test Date,Date de résultat,Test Date,Misc,Date,,
2d7f2275-26d1-4fcf-9e1a-ee862015d00c,,,Electrophorèse des proteines,Protein electrophoresis,Electrophorèse des proteines,Protein electrophoresis,LabTest,Text,,
acdea920-9e27-4d22-a5d9-b3382555c71c,,,Electrophorèse des proteines Date de résultat,Protein electrophoresis Test Date,Date de résultat,Test Date,Misc,Date,,
df9401b8-552e-4d70-8c15-c3a35a982496,,,HbA1C,HbA1C,HbA1C,HbA1C,LabTest,Text,,
ea3f20ba-1058-41fa-b9de-6c8fc5490c9a,,,HbA1C Date de résultat,HbA1C Test Date,Date de résultat,Test Date,Misc,Date,,
678853b1-b8c2-4308-a794-53156eb840e2,,,Dosage de fer,Iron level,Dosage de fer,Iron level,LabTest,Text,,
bc562020-4cfb-4e7b-ab29-246994f9b9bc,,,Dosage de fer Date de résultat,Iron level Test Date,Date de résultat,Test Date,Misc,Date,,
c5db1e52-2fd4-4a28-9c7f-3ff7d20b1080,,,Cholestérol HDL,HDL,Cholestérol HDL,HDL,LabTest,Text,,
0c105be8-73a1-4de4-a64c-1d30e00f6cce,,,Cholestérol HDL Date de résultat,HDL Test Date,Date de résultat,Test Date,Misc,Date,,
60b556bb-1c91-4aa3-8c08-4f151aab83e1,,,LDL,LDL,LDL,LDL,LabTest,Text,,
0c535d8c-7bbe-4e79-90ac-174c19f6072c,,,LDL Date de résultat,LDL Test Date,Date de résultat,Test Date,Misc,Date,,
671e3aba-89d2-41be-9860-e47ab51e1649,,,Bilan lipidique Cholestérol total,Lipid profile Total cholesterol,Cholestérol total,Total cholesterol,LabTest,Text,,
ff0533d3-8832-4cba-83cc-ab52a59038cf,,,Bilan lipidique Cholestérol total Date de résultat,Lipid profile Total cholesterol Test Date,Date de résultat,Test Date,Misc,Date,,
20dedfc9-21af-4b31-8f5f-311a65d8fec1,,,Bilan lipidique Triglycérides,Lipid profile Triglycerides,Triglycérides,Triglycerides,LabTest,Text,,
fa8ded0b-1c8b-4b21-b590-c8e6b3c00fe4,,,Bilan lipidique Triglycérides Date de résultat,Lipid profile Triglycerides Test Date,Date de résultat,Test Date,Misc,Date,,
0a785a57-6216-4a1a-893a-5b1f8cdaa3f8,Lipid profile Total cholesterol;Lipid profile Total cholesterol Test Date;HDL;HDL Test Date;Lipid profile Triglycerides;Lipid profile Triglycerides Test Date;LDL;LDL Test Date,,Bilan lipidique,Lipid profile,Bilan lipidique,Lipid profile,Misc,N/A,,
dbdbc498-b41d-4a0e-acc8-e571e4f3d150,,,Dosage des hormones,Determination of hormones,Dosage des hormones,Determination of hormones,LabTest,Text,,
44c991de-1783-47eb-9208-00e05691542a,,,Dosage des hormones Date de résultat,Determination of hormones Test Date,Date de résultat,Test Date,Misc,Date,,
27191e67-fef3-43c4-8978-b874b33f79a3,,,Protéine C réactive,C reactive protein,Protéine C réactive,C reactive protein,LabTest,Text,,
9bee7860-9f8c-4ff9-9577-04c4b1e95f4d,,,Protéine C réactive Date de résultat,C reactive protein Test Date,Date de résultat,Test Date,Misc,Date,,
48ac1ff5-734e-49af-b8a1-83f20bf737ab,Creatinemia;Creatinemia Test Date;Uric acid;Uric acid Test Date;Total cholesterol;Total cholesterol Test Date;Triglycerides;Triglycerides Test Date;Total Bilirubin;Total Bilirubin Test Date;Direct or Conjugate Bilirubin;Direct or Conjugate Bilirubin Test Date;Transaminases;Amylase;Amylase Test Date;Electrolytes;Creatinuria (24 hours);Creatinuria (24 hours) Test Date;Albumin-Sugar-Aceton-Bile salt-Bile-pigment;Albumin-Sugar-Aceton-Bile salt-Bile-pigment Test Date;Pregnancy test;Pregnancy test Test Date;CSF;Urine dipstick;Urine dipstick Test Date;Hemoglobin electrophoresis;Hemoglobin electrophoresis Test Date;Protein electrophoresis;Protein electrophoresis Test Date;HbA1C;HbA1C Test Date;Iron level;Iron level Test Date;Lipid profile;Determination of hormones;Determination of hormones Test Date;C reactive protein;C reactive protein Test Date,,Département de Biochimie,Biochemistry Dept,Département de Biochimie,Biochemistry Dept,Misc,N/A,,
59c83cc7-0e28-44ab-a8bd-2ebe20a57a50,,,Crachants,Crachants,Crachants,Crachants,LabTest,Text,,
08036341-6ff3-40b4-9a52-5a01beb4e673,,,Crachants Date de résultat,Crachants Test Date,Date de résultat,Test Date,Misc,Date,,
52bbe0da-fed8-4395-a3ef-5d678d2fd42c,,,LCR parasitologie,CSF parasitology,LCR parasitologie,CSF parasitology,LabTest,Text,,
0d9f270d-b2a5-42cf-ac8e-d5d631fc58e3,,,LCR Date de résultat,CSF parasitology Test Date,Date de résultat,Test Date,Misc,Date,,
3b08b387-a574-49bb-975e-d2e0c5698606,,,Coprology,Coprology,Coprology,Coprology,LabTest,Text,,
da7d03c3-130c-40ab-985e-78c4c87d8248,,,Coprology Date de résultat,Coprology Test Date,Date de résultat,Test Date,Misc,Date,,
23ba1e3f-78d4-4f0c-9074-bcf72e02e29b,,,Test de Diagnostic Rapide du Paludisme,Rapid Diagnosis Malaria Test,Test de Diagnostic Rapide du Paludisme,Rapid Diagnosis Malaria Test,LabTest,Text,,
51b23d51-f3f5-474e-907e-254fbe62d429,,,Test de Diagnostic Rapide du Paludisme Date de résultat,Rapid Diagnosis Malaria Test Test Date,Date de résultat,Test Date,Misc,Date,,
18469f86-6709-4449-b965-590b86e45cae,,,Test du Paludisme (GE),Malaria Test (GE),Test du Paludisme (GE),Malaria Test (GE),LabTest,Text,,
a4d19a14-c6bc-4323-be6d-06792b47487e,,,Test du Paludisme (GE) Date de résultat,Malaria Test (GE) Test Date,Date de résultat,Test Date,Misc,Date,,
d236def5-5ac9-440e-851e-32d76e82193b,,,Recherche des Micro Filaires,Recherche des Micro Filaires,Recherche des Micro Filaires,Recherche des Micro Filaires,LabTest,Text,,
94659510-1ffc-4982-b3b7-9acee62dca84,,,Recherche des Micro Filaires Date de résultat,Recherche des Micro Filaires Test Date,Date de résultat,Test Date,Misc,Date,,
baf5d5ac-47a0-4733-b58c-dfc8ef64530f,,,Skin snip,Skin snip,Skin snip,Skin snip,LabTest,Text,,
4d4d0e97-af80-4e58-a63d-6739d133b4ec,,,Skin snip Date de résultat,Skin snip Test Date,Date de résultat,Test Date,Misc,Date,,
7479640d-b96d-442c-be05-542bcd009a65,Crachants;Crachants Test Date;CSF parasitology;CSF parasitology Test Date;Coprology;Coprology Test Date;Rapid Diagnosis Malaria Test;Rapid Diagnosis Malaria Test Test Date;Malaria Test (GE);Malaria Test (GE) Test Date;Recherche des Micro Filaires;Recherche des Micro Filaires Test Date;Skin snip;Skin snip Test Date,,Département de Parasitologie,Parasitology Dept,Département de Parasitologie,Parasitology Dept,Misc,N/A,,
3b5b8d72-2f86-48fc-9b81-0be908ed392c,Bacteriology Dept;Haematology Dept;Biochemistry Dept;Parasitology Dept,,RÉSULTATS DE LABORATOIRE - AJOUTÉS MANUELLEMENT,LAB RESULTS - ADD MANUALLY,RÉSULTATS DE LABORATOIRE - AJOUTÉS MANUELLEMENT,LAB RESULTS - ADD MANUALLY,Misc,N/A,,